par_pctile,kid_race,gender,n_kir,kir
1,White,F,34000,32.93
1,White,M,36000,38.959999
1,Black,F,29500,33.860001
1,Black,M,29000,29.440001
1,Asian,F,4300,50.080002
1,Asian,M,4800,52.710003
1,Hispanic,F,17500,36.619999
1,Hispanic,M,17500,41.470001
1,AIAN,F,1600,27.039999
1,AIAN,M,1700,28.709999
2,White,F,33500,34.02
2,White,M,35500,40.68
2,Black,F,28000,34.700001
2,Black,M,27500,30.689999
2,Asian,F,4300,51.98
2,Asian,M,4600,52.810001
2,Hispanic,F,20000,37.57
2,Hispanic,M,20000,42.709999
2,AIAN,F,1500,28.259998
2,AIAN,M,1500,30.84
3,White,F,35000,34.290001
3,White,M,37000,41.380001
3,Black,F,27500,35.57
3,Black,M,26500,31.670002
3,Asian,F,4300,50.790001
3,Asian,M,4600,53.130001
3,Hispanic,F,20000,38.100002
3,Hispanic,M,20500,43.599998
3,AIAN,F,1400,29.179998
3,AIAN,M,1500,31.110001
4,White,F,35500,35.010002
4,White,M,38000,42.220001
4,Black,F,27000,36.099998
4,Black,M,26000,32.370003
4,Asian,F,4200,52.359997
4,Asian,M,4700,52.759998
4,Hispanic,F,21000,38.170002
4,Hispanic,M,21000,44.16
4,AIAN,F,1400,29.469999
4,AIAN,M,1400,31.98
5,White,F,36500,35.34
5,White,M,38500,42.389999
5,Black,F,26500,36.66
5,Black,M,25500,33.029999
5,Asian,F,4300,52.34
5,Asian,M,4600,54.070004
5,Hispanic,F,21000,38.66
5,Hispanic,M,21500,44.490002
5,AIAN,F,1500,29.559999
5,AIAN,M,1400,32.420002
6,White,F,36500,35.52
6,White,M,38500,43
6,Black,F,26500,36.549999
6,Black,M,25000,33.539997
6,Asian,F,4300,52.179996
6,Asian,M,4600,53.390003
6,Hispanic,F,22000,38.940002
6,Hispanic,M,21500,45.07
6,AIAN,F,1400,30.619999
6,AIAN,M,1500,32.380001
7,White,F,37500,35.900002
7,White,M,39000,43.610001
7,Black,F,26000,37
7,Black,M,24500,33.84
7,Asian,F,4200,52.789997
7,Asian,M,4600,54.329998
7,Hispanic,F,22000,39.02
7,Hispanic,M,22500,45.120003
7,AIAN,F,1300,31.360001
7,AIAN,M,1400,33.509998
8,White,F,37500,36.07
8,White,M,39000,43.75
8,Black,F,26500,37.32
8,Black,M,24500,34.43
8,Asian,F,4200,52.749996
8,Asian,M,4400,54.240002
8,Hispanic,F,22000,39.150002
8,Hispanic,M,22500,45.669998
8,AIAN,F,1300,30.919998
8,AIAN,M,1400,34.43
9,White,F,38500,36.16
9,White,M,39500,44.32
9,Black,F,26000,37.700001
9,Black,M,24500,34.66
9,Asian,F,4000,52.41
9,Asian,M,4300,54.27
9,Hispanic,F,22500,39.379997
9,Hispanic,M,22500,46.349998
9,AIAN,F,1300,31.760002
9,AIAN,M,1400,33.829998
10,White,F,38500,36.73
10,White,M,40000,44.66
10,Black,F,26500,37.990002
10,Black,M,24500,35.240002
10,Asian,F,3900,52.77
10,Asian,M,4200,53.789997
10,Hispanic,F,22500,39.700001
10,Hispanic,M,22500,46.380001
10,AIAN,F,1300,32.240002
10,AIAN,M,1300,34.560001
11,White,F,38500,37.099998
11,White,M,40500,44.760002
11,Black,F,26500,38.260002
11,Black,M,24500,35.48
11,Asian,F,3800,52.420002
11,Asian,M,4100,55.599998
11,Hispanic,F,22000,40
11,Hispanic,M,22500,46.82
11,AIAN,F,1300,31.92
11,AIAN,M,1300,33.75
12,White,F,39500,37.110001
12,White,M,40500,45.100002
12,Black,F,26500,38.27
12,Black,M,24500,35.93
12,Asian,F,3700,52.689999
12,Asian,M,4000,54.360001
12,Hispanic,F,22500,40.279999
12,Hispanic,M,22500,46.779999
12,AIAN,F,1200,32.18
12,AIAN,M,1300,36.389999
13,White,F,40000,37.490002
13,White,M,40500,45.489998
13,Black,F,26500,38.77
13,Black,M,25000,36.389999
13,Asian,F,3600,52.619999
13,Asian,M,3900,56.080002
13,Hispanic,F,22500,40.389999
13,Hispanic,M,22500,46.950001
13,AIAN,F,1300,32.200001
13,AIAN,M,1300,35.57
14,White,F,40000,37.73
14,White,M,41500,46.049999
14,Black,F,27000,38.870003
14,Black,M,24500,36.259998
14,Asian,F,3600,53.649998
14,Asian,M,3800,55.75
14,Hispanic,F,22000,40.610001
14,Hispanic,M,22500,47.299999
14,AIAN,F,1200,32.740002
14,AIAN,M,1200,36.189999
15,White,F,41000,37.900002
15,White,M,41500,46.209999
15,Black,F,26500,39.259998
15,Black,M,24500,36.559998
15,Asian,F,3600,54.060001
15,Asian,M,3800,55.889999
15,Hispanic,F,22000,40.73
15,Hispanic,M,22500,47.73
15,AIAN,F,1200,31.92
15,AIAN,M,1200,36.219997
16,White,F,41000,38.150002
16,White,M,42500,46.82
16,Black,F,26500,39.379997
16,Black,M,24500,36.739998
16,Asian,F,3700,53.899998
16,Asian,M,3900,55.860001
16,Hispanic,F,22000,41.02
16,Hispanic,M,22500,47.870003
16,AIAN,F,1200,33.139999
16,AIAN,M,1200,37.34
17,White,F,42000,38.290001
17,White,M,42500,46.84
17,Black,F,26500,39.549999
17,Black,M,24500,37.34
17,Asian,F,3400,53.820004
17,Asian,M,3700,56.139999
17,Hispanic,F,22000,40.920002
17,Hispanic,M,22000,48.5
17,AIAN,F,1200,31.950001
17,AIAN,M,1200,36.829998
18,White,F,42500,38.510002
18,White,M,44000,47.060001
18,Black,F,26000,39.82
18,Black,M,24500,37.400002
18,Asian,F,3500,54.669998
18,Asian,M,3600,57.050003
18,Hispanic,F,22000,41.23
18,Hispanic,M,22000,48.369999
18,AIAN,F,1200,34.32
18,AIAN,M,1200,36.449997
19,White,F,43000,38.77
19,White,M,44500,47.57
19,Black,F,25500,39.779999
19,Black,M,24000,37.790001
19,Asian,F,3400,54.529999
19,Asian,M,3700,56.760002
19,Hispanic,F,21500,41.490002
19,Hispanic,M,22000,48.170002
19,AIAN,F,1200,33.57
19,AIAN,M,1200,36.309998
20,White,F,43500,39.040001
20,White,M,45000,47.799999
20,Black,F,25500,40.119999
20,Black,M,24000,37.950001
20,Asian,F,3400,54.860001
20,Asian,M,3500,56.129997
20,Hispanic,F,21500,41.84
20,Hispanic,M,22000,48.579998
20,AIAN,F,1200,33.880001
20,AIAN,M,1300,38.23
21,White,F,44500,39.16
21,White,M,46000,47.960003
21,Black,F,25500,40.48
21,Black,M,23500,38.09
21,Asian,F,3400,55.459999
21,Asian,M,3600,57.130005
21,Hispanic,F,21500,41.639999
21,Hispanic,M,21000,48.669998
21,AIAN,F,1200,33.849998
21,AIAN,M,1200,37.760002
22,White,F,45500,39.43
22,White,M,46500,48.389999
22,Black,F,25000,41.049999
22,Black,M,23500,38.290001
22,Asian,F,3300,54.43
22,Asian,M,3600,57.52
22,Hispanic,F,21000,41.850002
22,Hispanic,M,21000,49.16
22,AIAN,F,1200,34.470001
22,AIAN,M,1200,37.630001
23,White,F,45500,39.700001
23,White,M,47500,48.52
23,Black,F,24500,41.290001
23,Black,M,23000,38.75
23,Asian,F,3400,55.019997
23,Asian,M,3600,57.599998
23,Hispanic,F,21000,41.990002
23,Hispanic,M,21000,49.559998
23,AIAN,F,1200,34.259998
23,AIAN,M,1200,38.139999
24,White,F,47000,40
24,White,M,48000,48.959999
24,Black,F,24000,41.119999
24,Black,M,23000,38.510002
24,Asian,F,3400,54.869999
24,Asian,M,3600,57.209999
24,Hispanic,F,20500,42.41
24,Hispanic,M,21000,49.599998
24,AIAN,F,1200,34.93
24,AIAN,M,1200,38.280003
25,White,F,48000,39.950001
25,White,M,49000,48.799999
25,Black,F,23500,41.310001
25,Black,M,22500,39.07
25,Asian,F,3300,55.800003
25,Asian,M,3600,57.260002
25,Hispanic,F,20500,42.539997
25,Hispanic,M,20000,50.330002
25,AIAN,F,1100,35.470001
25,AIAN,M,1200,38.98
26,White,F,48500,40.329998
26,White,M,50000,49.329998
26,Black,F,23000,41.639999
26,Black,M,22000,39.539997
26,Asian,F,3400,56.25
26,Asian,M,3600,58.299999
26,Hispanic,F,20000,42.599998
26,Hispanic,M,20000,50.010002
26,AIAN,F,1100,35.690002
26,AIAN,M,1200,38.900002
27,White,F,49000,40.59
27,White,M,51000,49.880001
27,Black,F,23000,41.959999
27,Black,M,22000,39.549999
27,Asian,F,3400,56
27,Asian,M,3500,57.939999
27,Hispanic,F,19500,42.77
27,Hispanic,M,20000,49.970001
27,AIAN,F,1200,34.77
27,AIAN,M,1200,40.149998
28,White,F,50000,40.650002
28,White,M,52000,49.98
28,Black,F,22500,42.309998
28,Black,M,21000,39.829998
28,Asian,F,3400,55.049999
28,Asian,M,3400,57.84
28,Hispanic,F,19500,43.489998
28,Hispanic,M,19500,50.449997
28,AIAN,F,1200,35.200001
28,AIAN,M,1100,40.189999
29,White,F,51500,41.02
29,White,M,53000,50.209999
29,Black,F,22000,42.299999
29,Black,M,21000,39.779999
29,Asian,F,3300,56.339996
29,Asian,M,3300,57.370003
29,Hispanic,F,19000,43.029999
29,Hispanic,M,19000,50.43
29,AIAN,F,1100,35.900002
29,AIAN,M,1200,39.25
30,White,F,52000,41.200001
30,White,M,54000,50.68
30,Black,F,21500,42.599998
30,Black,M,20500,40.459999
30,Asian,F,3200,55.980003
30,Asian,M,3400,59.119999
30,Hispanic,F,19000,43.740002
30,Hispanic,M,19000,50.959999
30,AIAN,F,1100,36.84
30,AIAN,M,1200,38.630001
31,White,F,53000,41.27
31,White,M,55000,51.050003
31,Black,F,21000,43.07
31,Black,M,19500,40.389999
31,Asian,F,3300,55.209999
31,Asian,M,3400,58.040001
31,Hispanic,F,18500,43.689999
31,Hispanic,M,18500,50.830002
31,AIAN,F,1000,36.52
31,AIAN,M,1100,38.560001
32,White,F,54500,41.540001
32,White,M,56000,51.209999
32,Black,F,20000,43.259998
32,Black,M,19500,41
32,Asian,F,3100,57.309998
32,Asian,M,3300,58.079998
32,Hispanic,F,18000,43.579998
32,Hispanic,M,18000,51.139999
32,AIAN,F,1100,35.989998
32,AIAN,M,1100,39.299999
33,White,F,55500,41.59
33,White,M,57000,51.48
33,Black,F,20000,43.41
33,Black,M,19000,41.560001
33,Asian,F,3200,56.309998
33,Asian,M,3500,58.579998
33,Hispanic,F,17500,43.970001
33,Hispanic,M,18000,51.220001
33,AIAN,F,1100,35.350002
33,AIAN,M,1100,41.09
34,White,F,56000,41.950001
34,White,M,58000,51.650002
34,Black,F,19500,43.91
34,Black,M,18500,41.290001
34,Asian,F,3100,56.840004
34,Asian,M,3300,57.82
34,Hispanic,F,17500,43.709999
34,Hispanic,M,17500,51.389999
34,AIAN,F,1100,36.669998
34,AIAN,M,1100,40.93
35,White,F,57000,42.309998
35,White,M,59500,51.799999
35,Black,F,19000,44
35,Black,M,18000,41.5
35,Asian,F,3100,56.809998
35,Asian,M,3300,58.749996
35,Hispanic,F,17000,44.380001
35,Hispanic,M,17500,51.779999
35,AIAN,F,1000,36.189999
35,AIAN,M,1100,41.380001
36,White,F,58500,42.220001
36,White,M,60500,52.100002
36,Black,F,18000,44.23
36,Black,M,17500,41.540001
36,Asian,F,3100,56.089996
36,Asian,M,3300,59.149998
36,Hispanic,F,16500,44.32
36,Hispanic,M,17000,52.27
36,AIAN,F,1100,37.049999
36,AIAN,M,1100,40.82
37,White,F,58500,42.619999
37,White,M,62000,52.539997
37,Black,F,17500,44.16
37,Black,M,17000,42.32
37,Asian,F,3100,57.090004
37,Asian,M,3200,58.780003
37,Hispanic,F,16500,44.710003
37,Hispanic,M,16500,52.02
37,AIAN,F,1000,37.040001
37,AIAN,M,1100,42.93
38,White,F,60500,42.869999
38,White,M,62500,52.59
38,Black,F,17000,44.690002
38,Black,M,16500,42.209999
38,Asian,F,3200,56
38,Asian,M,3100,58.02
38,Hispanic,F,16000,44.830002
38,Hispanic,M,16500,52.039997
38,AIAN,F,950,39.23
38,AIAN,M,1000,41.540001
39,White,F,61000,42.759998
39,White,M,63500,53.34
39,Black,F,16500,45.040001
39,Black,M,16000,42.209999
39,Asian,F,3100,57.139999
39,Asian,M,3200,60.280003
39,Hispanic,F,15500,44.48
39,Hispanic,M,16000,52.149998
39,AIAN,F,950,37.740002
39,AIAN,M,1000,43.259998
40,White,F,62000,43.16
40,White,M,64500,53.310001
40,Black,F,16000,45.110001
40,Black,M,15500,43.059998
40,Asian,F,3000,57.639999
40,Asian,M,3200,59.789997
40,Hispanic,F,15500,45.549999
40,Hispanic,M,15500,52.259998
40,AIAN,F,1000,36.799999
40,AIAN,M,1000,43.16
41,White,F,62500,43.220001
41,White,M,65500,53.600002
41,Black,F,15500,45.669998
41,Black,M,15000,42.899998
41,Asian,F,3100,57.540001
41,Asian,M,3200,59.899998
41,Hispanic,F,15000,45.799999
41,Hispanic,M,15500,52.969997
41,AIAN,F,950,38.740002
41,AIAN,M,1000,42.719997
42,White,F,64000,43.299999
42,White,M,66500,53.850002
42,Black,F,14500,45.489998
42,Black,M,14500,43.25
42,Asian,F,3000,56.610001
42,Asian,M,3200,59.119999
42,Hispanic,F,14500,45.699997
42,Hispanic,M,15000,52.719997
42,AIAN,F,900,38.68
42,AIAN,M,950,44.290001
43,White,F,65000,43.5
43,White,M,67500,54.079998
43,Black,F,14500,45.559998
43,Black,M,14000,43.560001
43,Asian,F,3000,58.02
43,Asian,M,3200,60.41
43,Hispanic,F,14500,45.849998
43,Hispanic,M,14500,53.119999
43,AIAN,F,950,37.68
43,AIAN,M,900,43.740002
44,White,F,66000,43.93
44,White,M,68500,54.41
44,Black,F,14000,46.119999
44,Black,M,13500,43.939999
44,Asian,F,3100,57.309998
44,Asian,M,3200,59.880001
44,Hispanic,F,14000,45.400002
44,Hispanic,M,14500,53.240002
44,AIAN,F,900,38.260002
44,AIAN,M,900,43.98
45,White,F,66500,44.029999
45,White,M,70000,54.650002
45,Black,F,13500,45.969997
45,Black,M,13000,43.82
45,Asian,F,3000,57.110001
45,Asian,M,3200,59.920002
45,Hispanic,F,14000,45.84
45,Hispanic,M,14000,53.369999
45,AIAN,F,900,40.810001
45,AIAN,M,950,44.490002
46,White,F,67500,44.34
46,White,M,70500,54.989998
46,Black,F,13000,46.139999
46,Black,M,13000,44.32
46,Asian,F,2900,57.400002
46,Asian,M,3000,60.689999
46,Hispanic,F,13500,45.77
46,Hispanic,M,13500,53.960003
46,AIAN,F,900,39.719997
46,AIAN,M,900,44.029999
47,White,F,68000,44.360001
47,White,M,71500,55.07
47,Black,F,12500,46.790001
47,Black,M,12500,44.360001
47,Asian,F,2900,57.580002
47,Asian,M,3000,60.57
47,Hispanic,F,13500,45.869999
47,Hispanic,M,13500,53.609997
47,AIAN,F,900,40.139999
47,AIAN,M,900,47.18
48,White,F,69500,44.440002
48,White,M,72500,55.299995
48,Black,F,12000,46.259998
48,Black,M,12000,44.639999
48,Asian,F,3000,56.610001
48,Asian,M,3100,60.259998
48,Hispanic,F,13000,46.149998
48,Hispanic,M,13000,53.98
48,AIAN,F,850,39.169998
48,AIAN,M,900,46.689999
49,White,F,69500,44.650002
49,White,M,73500,55.620003
49,Black,F,12000,46.970001
49,Black,M,11500,44.77
49,Asian,F,2900,58.350002
49,Asian,M,3100,60.84
49,Hispanic,F,12500,46.529999
49,Hispanic,M,12500,54.09
49,AIAN,F,800,39.57
49,AIAN,M,900,45.959999
50,White,F,70500,44.990002
50,White,M,74000,55.82
50,Black,F,11500,47.34
50,Black,M,11000,44.980003
50,Asian,F,2900,58.259998
50,Asian,M,2900,61.559998
50,Hispanic,F,12500,46.77
50,Hispanic,M,12500,54.52
50,AIAN,F,800,38.93
50,AIAN,M,900,45.450001
51,White,F,71000,45.010002
51,White,M,75000,56.010002
51,Black,F,11000,47.18
51,Black,M,11000,45.330002
51,Asian,F,2800,58.819996
51,Asian,M,3100,60.91
51,Hispanic,F,12000,46.75
51,Hispanic,M,12500,54.420002
51,AIAN,F,850,38.690002
51,AIAN,M,800,45.57
52,White,F,71500,45.349998
52,White,M,76000,56.349998
52,Black,F,11000,47.82
52,Black,M,10500,45.599998
52,Asian,F,2800,57.380001
52,Asian,M,3000,61.139999
52,Hispanic,F,11500,46.790001
52,Hispanic,M,12000,54.350002
52,AIAN,F,800,39.719997
52,AIAN,M,800,44.580002
53,White,F,73000,45.419998
53,White,M,76000,56.68
53,Black,F,10500,47.310001
53,Black,M,10500,45.68
53,Asian,F,2800,58.439999
53,Asian,M,3000,61.290001
53,Hispanic,F,11500,47.279999
53,Hispanic,M,11500,54.949997
53,AIAN,F,750,38.77
53,AIAN,M,750,46.079998
54,White,F,73500,45.829998
54,White,M,77000,57
54,Black,F,10000,47.720001
54,Black,M,9900,45.759998
54,Asian,F,2900,58.289997
54,Asian,M,3000,61.43
54,Hispanic,F,11500,47.310001
54,Hispanic,M,11000,54.66
54,AIAN,F,700,39.59
54,AIAN,M,800,45.419998
55,White,F,74000,46
55,White,M,78000,57.139999
55,Black,F,9900,47.830002
55,Black,M,9900,45.869999
55,Asian,F,2800,58.200001
55,Asian,M,2900,61.839996
55,Hispanic,F,11000,47.459999
55,Hispanic,M,11000,55.709999
55,AIAN,F,750,40.509998
55,AIAN,M,750,48.16
56,White,F,74000,46.149998
56,White,M,78500,57.550003
56,Black,F,9600,48.07
56,Black,M,9600,46.57
56,Asian,F,2900,58.350002
56,Asian,M,3000,61.839996
56,Hispanic,F,11000,47.68
56,Hispanic,M,11000,55.400002
56,AIAN,F,750,40.549999
56,AIAN,M,800,46.740002
57,White,F,75500,46.169998
57,White,M,79000,57.82
57,Black,F,9400,48.439999
57,Black,M,9300,46.09
57,Asian,F,2700,58.359997
57,Asian,M,2900,61.849998
57,Hispanic,F,10500,48.080002
57,Hispanic,M,10500,54.949997
57,AIAN,F,700,40.540001
57,AIAN,M,750,48.75
58,White,F,75500,46.669998
58,White,M,79500,58
58,Black,F,9200,48.09
58,Black,M,9100,46.869999
58,Asian,F,2900,59.579998
58,Asian,M,3000,63.050003
58,Hispanic,F,10500,47.990002
58,Hispanic,M,10000,56.169998
58,AIAN,F,750,42.919998
58,AIAN,M,750,47.780003
59,White,F,76500,46.990002
59,White,M,79500,58.329998
59,Black,F,9000,48.82
59,Black,M,8900,46.720001
59,Asian,F,2700,59.59
59,Asian,M,2900,61.16
59,Hispanic,F,10000,48.23
59,Hispanic,M,9800,55.5
59,AIAN,F,700,38.790001
59,AIAN,M,700,47.990002
60,White,F,76500,47.029999
60,White,M,80500,58.59
60,Black,F,8800,48.849998
60,Black,M,8500,47.369999
60,Asian,F,2800,59.390003
60,Asian,M,2900,61.449997
60,Hispanic,F,9900,47.880001
60,Hispanic,M,9900,55.949997
60,AIAN,F,700,43.669998
60,AIAN,M,700,47.990002
61,White,F,77000,47.23
61,White,M,81000,58.850002
61,Black,F,8400,49.07
61,Black,M,8700,47.369999
61,Asian,F,2800,59.130001
61,Asian,M,2800,62.029999
61,Hispanic,F,9700,48.09
61,Hispanic,M,9500,56.040001
61,AIAN,F,700,41.610001
61,AIAN,M,700,50.510002
62,White,F,77500,47.52
62,White,M,81500,58.999996
62,Black,F,8400,49.489998
62,Black,M,8300,47.790001
62,Asian,F,2800,59.810001
62,Asian,M,2900,63.32
62,Hispanic,F,9300,48.509998
62,Hispanic,M,9400,56.770004
62,AIAN,F,650,44.130001
62,AIAN,M,700,49.779999
63,White,F,78000,47.93
63,White,M,82500,59.530003
63,Black,F,8100,49.110001
63,Black,M,8000,48.100002
63,Asian,F,2700,59.700001
63,Asian,M,2800,62.800003
63,Hispanic,F,9000,48.5
63,Hispanic,M,9200,56.590004
63,AIAN,F,650,39.860001
63,AIAN,M,700,48.989998
64,White,F,78500,47.950001
64,White,M,83000,59.799999
64,Black,F,7900,49.48
64,Black,M,7800,47.790001
64,Asian,F,2800,60.68
64,Asian,M,2900,63.209999
64,Hispanic,F,8900,48.470001
64,Hispanic,M,8800,57.279999
64,AIAN,F,650,42.239998
64,AIAN,M,650,48.32
65,White,F,79000,48.400002
65,White,M,83000,59.780003
65,Black,F,7800,49.689999
65,Black,M,7800,48.34
65,Asian,F,2800,59.549999
65,Asian,M,2900,63.91
65,Hispanic,F,8800,48.879997
65,Hispanic,M,8700,56.739998
65,AIAN,F,600,42.919998
65,AIAN,M,650,48.139999
66,White,F,79000,48.509998
66,White,M,83500,60.049999
66,Black,F,7600,49.559998
66,Black,M,7600,47.950001
66,Asian,F,2800,59.640003
66,Asian,M,2900,62.970001
66,Hispanic,F,8700,49.16
66,Hispanic,M,8600,56.610001
66,AIAN,F,600,42.110001
66,AIAN,M,600,48.209999
67,White,F,79500,48.779999
67,White,M,84000,60.490002
67,Black,F,7500,50.029999
67,Black,M,7500,48.489998
67,Asian,F,2900,61.080002
67,Asian,M,3000,62.370003
67,Hispanic,F,8400,48.809998
67,Hispanic,M,8400,57.309998
67,AIAN,F,650,42.77
67,AIAN,M,600,49.779999
68,White,F,80000,48.919998
68,White,M,84000,60.610001
68,Black,F,7400,50.209999
68,Black,M,7400,49.099998
68,Asian,F,2800,60.970001
68,Asian,M,2900,63.410004
68,Hispanic,F,8400,49.219997
68,Hispanic,M,8400,57.480003
68,AIAN,F,600,44.490002
68,AIAN,M,600,51.150002
69,White,F,80500,49.219997
69,White,M,85000,61.040001
69,Black,F,7000,50.590004
69,Black,M,7300,49.57
69,Asian,F,2800,61.729996
69,Asian,M,2900,63.43
69,Hispanic,F,8200,49.889999
69,Hispanic,M,7900,57.190002
69,AIAN,F,600,44.610001
69,AIAN,M,600,50.059998
70,White,F,81000,49.5
70,White,M,85000,61.220001
70,Black,F,7000,50.980003
70,Black,M,6900,49.5
70,Asian,F,2700,62.059998
70,Asian,M,2900,64.310005
70,Hispanic,F,8000,49.59
70,Hispanic,M,7900,58.16
70,AIAN,F,550,44.760002
70,AIAN,M,600,51.43
71,White,F,81500,49.849998
71,White,M,85500,61.580002
71,Black,F,6800,50.959999
71,Black,M,6800,49.829998
71,Asian,F,2800,61.479996
71,Asian,M,2800,64.029999
71,Hispanic,F,8000,49.860001
71,Hispanic,M,7900,57.260002
71,AIAN,F,550,45.439999
71,AIAN,M,600,51.920002
72,White,F,81500,50.209999
72,White,M,86000,61.860001
72,Black,F,6700,50.900002
72,Black,M,6600,49.610001
72,Asian,F,2900,60.41
72,Asian,M,2900,64.200005
72,Hispanic,F,7900,49.959999
72,Hispanic,M,7700,58.299999
72,AIAN,F,550,45.860001
72,AIAN,M,550,51.510002
73,White,F,81500,50.440002
73,White,M,86500,62.080002
73,Black,F,6700,51.300003
73,Black,M,6500,49.959999
73,Asian,F,2800,61.119999
73,Asian,M,2900,64.440002
73,Hispanic,F,7600,50.559998
73,Hispanic,M,7600,58.639996
73,AIAN,F,500,44.68
73,AIAN,M,550,51.400002
74,White,F,82500,50.779999
74,White,M,86000,62.220001
74,Black,F,6500,52
74,Black,M,6500,50.480003
74,Asian,F,2800,61.330002
74,Asian,M,2800,64.520004
74,Hispanic,F,7600,50.290001
74,Hispanic,M,7300,58.490002
74,AIAN,F,500,46.139999
74,AIAN,M,500,53.259998
75,White,F,82500,50.93
75,White,M,86500,62.650002
75,Black,F,6400,51.969997
75,Black,M,6400,50.610001
75,Asian,F,2900,61.540001
75,Asian,M,3000,65.130005
75,Hispanic,F,7300,51.059998
75,Hispanic,M,7300,59.259998
75,AIAN,F,500,45.779999
75,AIAN,M,600,50.849998
76,White,F,82500,51.27
76,White,M,87000,62.840004
76,Black,F,6300,51.93
76,Black,M,6200,50.940002
76,Asian,F,3000,61.889999
76,Asian,M,3000,64.290001
76,Hispanic,F,7000,50.730003
76,Hispanic,M,7000,58.48
76,AIAN,F,500,45.110001
76,AIAN,M,500,52.59
77,White,F,83000,51.490002
77,White,M,87500,63.129997
77,Black,F,6100,52.329998
77,Black,M,6200,50.610001
77,Asian,F,2900,63.139999
77,Asian,M,3000,65.919998
77,Hispanic,F,7000,52.029999
77,Hispanic,M,6900,59.030003
77,AIAN,F,500,46.549999
77,AIAN,M,500,55.870003
78,White,F,83500,51.880001
78,White,M,87500,63.480003
78,Black,F,6000,52.630001
78,Black,M,6100,51.130001
78,Asian,F,2900,62.900002
78,Asian,M,3000,65.589996
78,Hispanic,F,6800,51.639999
78,Hispanic,M,6900,59.399998
78,AIAN,F,450,43.98
78,AIAN,M,500,53.509998
79,White,F,83500,52.319996
79,White,M,87500,63.82
79,Black,F,5900,53.189999
79,Black,M,5900,51.630001
79,Asian,F,3000,61.889999
79,Asian,M,3100,65.230003
79,Hispanic,F,6800,51.740002
79,Hispanic,M,6800,59.539997
79,AIAN,F,500,46.329998
79,AIAN,M,500,52.049999
80,White,F,84500,52.569996
80,White,M,88000,64.020004
80,Black,F,5700,52.990002
80,Black,M,5700,52.34
80,Asian,F,3000,63.300003
80,Asian,M,3100,65.989998
80,Hispanic,F,6600,52.640003
80,Hispanic,M,6600,60.039997
80,AIAN,F,400,45.260002
80,AIAN,M,500,55.010002
81,White,F,84000,52.91
81,White,M,88000,64.360001
81,Black,F,5800,53.700001
81,Black,M,5800,52.619999
81,Asian,F,3200,62.639999
81,Asian,M,3300,67.510002
81,Hispanic,F,6500,52.130001
81,Hispanic,M,6500,60.600002
81,AIAN,F,400,47.650002
81,AIAN,M,450,53.079998
82,White,F,84500,53.439999
82,White,M,88500,64.630005
82,Black,F,5500,54.170002
82,Black,M,5700,51.77
82,Asian,F,3100,63.57
82,Asian,M,3300,66.900002
82,Hispanic,F,6400,52.649998
82,Hispanic,M,6400,60.639999
82,AIAN,F,400,45.989998
82,AIAN,M,400,52.850002
83,White,F,84500,53.759998
83,White,M,89000,64.900002
83,Black,F,5400,54.34
83,Black,M,5400,53.100002
83,Asian,F,3300,64.090004
83,Asian,M,3300,65.940002
83,Hispanic,F,6200,53.509998
83,Hispanic,M,6300,60.66
83,AIAN,F,400,45.23
83,AIAN,M,450,54.200001
84,White,F,85000,53.98
84,White,M,88500,65.209999
84,Black,F,5200,54.48
84,Black,M,5400,53.780003
84,Asian,F,3300,63.510002
84,Asian,M,3300,67
84,Hispanic,F,6200,53.320004
84,Hispanic,M,6000,61.029999
84,AIAN,F,350,48.559998
84,AIAN,M,400,54.959999
85,White,F,85000,54.290001
85,White,M,89500,65.589996
85,Black,F,5200,55.489998
85,Black,M,5300,53.869999
85,Asian,F,3400,63.950001
85,Asian,M,3500,67.489998
85,Hispanic,F,6100,53.399998
85,Hispanic,M,5900,61.479996
85,AIAN,F,400,45.91
85,AIAN,M,400,52.990002
86,White,F,85000,54.98
86,White,M,89000,65.839996
86,Black,F,5200,55.580002
86,Black,M,5200,54.210003
86,Asian,F,3500,64.080002
86,Asian,M,3600,66.709999
86,Hispanic,F,6000,53.619999
86,Hispanic,M,5800,61.669998
86,AIAN,F,400,47.029999
86,AIAN,M,450,55.559998
87,White,F,85500,55.239998
87,White,M,89000,66.409996
87,Black,F,4900,56.730003
87,Black,M,5200,53.91
87,Asian,F,3500,64.050003
87,Asian,M,3800,68.129997
87,Hispanic,F,5900,53.860004
87,Hispanic,M,5600,61.690002
87,AIAN,F,350,47.860001
87,AIAN,M,350,56.739998
88,White,F,85500,55.620003
88,White,M,89000,66.659996
88,Black,F,4800,56.389999
88,Black,M,4900,54.700001
88,Asian,F,3800,65.760002
88,Asian,M,3800,69.300003
88,Hispanic,F,5500,54.75
88,Hispanic,M,5600,62.709999
88,AIAN,F,350,48.369999
88,AIAN,M,350,56.190002
89,White,F,86000,56.32
89,White,M,90000,67.089996
89,Black,F,4700,57.050003
89,Black,M,4900,55.279999
89,Asian,F,3900,65.520004
89,Asian,M,3800,68.910004
89,Hispanic,F,5400,55.229996
89,Hispanic,M,5200,62.620003
89,AIAN,F,300,49.290001
89,AIAN,M,300,55.970001
90,White,F,86000,56.529999
90,White,M,89500,67.510002
90,Black,F,4600,57.880001
90,Black,M,4600,55.860001
90,Asian,F,3900,65.540001
90,Asian,M,4000,68.699997
90,Hispanic,F,5300,55.839996
90,Hispanic,M,5200,63.040001
90,AIAN,F,300,49.329998
90,AIAN,M,300,56.199997
91,White,F,87000,57.040001
91,White,M,89500,67.940002
91,Black,F,4400,58.549999
91,Black,M,4600,55.589996
91,Asian,F,4000,66.699997
91,Asian,M,4100,70.490005
91,Hispanic,F,5000,56.209999
91,Hispanic,M,4900,63.590004
91,AIAN,F,300,49.07
91,AIAN,M,300,56.230003
92,White,F,87000,57.630001
92,White,M,90500,68.330002
92,Black,F,4100,58.450001
92,Black,M,4200,57.059998
92,Asian,F,4100,67.389999
92,Asian,M,4100,69.029999
92,Hispanic,F,4800,56.919998
92,Hispanic,M,4800,63.389999
92,AIAN,F,250,50.160004
92,AIAN,M,300,58.32
93,White,F,87000,58.369999
93,White,M,91000,68.790001
93,Black,F,3900,59.939999
93,Black,M,4000,58.099998
93,Asian,F,4100,67.349998
93,Asian,M,4200,70.82
93,Hispanic,F,4800,57.029999
93,Hispanic,M,4600,63.77
93,AIAN,F,300,53.030003
93,AIAN,M,250,58.259998
94,White,F,87500,58.649998
94,White,M,91000,69.270004
94,Black,F,3600,60.970001
94,Black,M,3500,57.669998
94,Asian,F,4300,68.639999
94,Asian,M,4300,71.270004
94,Hispanic,F,4500,57
94,Hispanic,M,4300,64.600006
94,AIAN,F,250,49.779999
94,AIAN,M,300,58.649998
95,White,F,88000,59.350002
95,White,M,92000,69.739998
95,Black,F,3200,61.510002
95,Black,M,3100,59.439999
95,Asian,F,4400,67.879997
95,Asian,M,4500,71.290001
95,Hispanic,F,4200,57.799999
95,Hispanic,M,4200,65.330002
95,AIAN,F,200,54.77
95,AIAN,M,250,57.220001
96,White,F,89000,59.930004
96,White,M,92000,70.480003
96,Black,F,2600,61.720001
96,Black,M,2800,60.670002
96,Asian,F,4300,68.660004
96,Asian,M,4400,72.279999
96,Hispanic,F,4000,58.869999
96,Hispanic,M,3900,65.459999
96,AIAN,F,200,57.360001
96,AIAN,M,200,58.369999
97,White,F,90000,60.399998
97,White,M,93000,70.980003
97,Black,F,2200,63.270004
97,Black,M,2100,60.869999
97,Asian,F,4400,68.889999
97,Asian,M,4400,72.829994
97,Hispanic,F,3700,58.819996
97,Hispanic,M,3600,65.839996
97,AIAN,F,150,49.209999
97,AIAN,M,200,64.75
98,White,F,90500,60.829998
98,White,M,93500,71.610001
98,Black,F,1600,62.919998
98,Black,M,1800,61.979996
98,Asian,F,4500,69.520004
98,Asian,M,4400,73.139999
98,Hispanic,F,3600,59.509998
98,Hispanic,M,3400,65.779999
98,AIAN,F,150,56.730003
98,AIAN,M,150,62.870003
99,White,F,91000,61.589996
99,White,M,94500,72.769997
99,Black,F,1100,62.650002
99,Black,M,1300,61.790001
99,Asian,F,4400,70.650002
99,Asian,M,4400,74.860001
99,Hispanic,F,3200,61.029999
99,Hispanic,M,3200,67.409996
99,AIAN,F,150,60.93
99,AIAN,M,150,62.529999
100,White,F,92000,63.870003
100,White,M,94500,74.75
100,Black,F,850,62.279999
100,Black,M,950,64.620003
100,Asian,F,4300,74.07
100,Asian,M,4300,77.260002
100,Hispanic,F,2800,61.82
100,Hispanic,M,2800,69.400002
100,AIAN,F,100,61.559998
100,AIAN,M,150,66.769997
